"filename", "language", "C++", "comment", "blank", "total"
"/home/mark/PhD/Code/coupled-sweep-ns/include/FiniteVolumeFunctions.h", "C++", 13, 3, 7, 23
"/home/mark/PhD/Code/coupled-sweep-ns/include/FiniteVolumeStructures.h", "C++", 48, 6, 13, 67
"/home/mark/PhD/Code/coupled-sweep-ns/include/InputProcessing.h", "C++", 32, 5, 17, 54
"/home/mark/PhD/Code/coupled-sweep-ns/include/Solver.h", "C++", 10, 0, 6, 16
"/home/mark/PhD/Code/coupled-sweep-ns/include/Types.h", "C++", 186, 18, 49, 253
"/home/mark/PhD/Code/coupled-sweep-ns/include/VTKWriter.h", "C++", 61, 2, 28, 91
"/home/mark/PhD/Code/coupled-sweep-ns/include/utils.h", "C++", 43, 1, 12, 56
"/home/mark/PhD/Code/coupled-sweep-ns/src/FVCoefficients.cpp", "C++", -296, -46, -127, -469
"/home/mark/PhD/Code/coupled-sweep-ns/src/FaceVelocities.cpp", "C++", -249, -13, -84, -346
"/home/mark/PhD/Code/coupled-sweep-ns/src/FiniteVolumeStructures.cpp", "C++", -254, -17, -78, -349
"/home/mark/PhD/Code/coupled-sweep-ns/src/InputProcessing.cpp", "C++", -296, -58, -139, -493
"/home/mark/PhD/Code/coupled-sweep-ns/src/Solver.cpp", "C++", -7, -9, -19, -35
"/home/mark/PhD/Code/coupled-sweep-ns/src/VTKWriter.cpp", "C++", -201, -43, -57, -301
"/home/mark/PhD/Code/coupled-sweep-ns/src/main.cpp", "C++", -94, -47, -35, -176
"Total", "-", -1004, -198, -407, -1609